scenario,planner,success,path_length,expansions_or_nodes,time,time_wall
Tight corridor with partial block,Artificial Potential Field,True,7.5,36,0.007112264633178711,0.007142543792724609
Tight corridor with partial block,Hybrid A*,True,7.499999999999998,25,0.007140159606933594,0.00719904899597168
Tight corridor with partial block,DQN Hybrid A*,True,7.499999999999998,25,0.045825958251953125,0.04594540596008301
Tight corridor with partial block,RRT*,True,7.722247447362786,30,0.0057926177978515625,0.005828857421875
Open field,Artificial Potential Field,True,4.282203820258365,20,0.0075681209564208984,0.00758814811706543
Open field,Hybrid A*,True,3.8402571574694098,379,0.13068151473999023,0.13129591941833496
Open field,DQN Hybrid A*,True,3.8402571574694098,379,0.5066587924957275,0.5078408718109131
Open field,RRT*,True,4.025579398190579,16,0.002810955047607422,0.002829313278198242
