scenario,planner,success,path_length,expansions_or_nodes,time,time_wall
Tight corridor with partial block,Hybrid A*,True,7.499999999999998,25,0.15592455863952637,0.15592455863952637
Tight corridor with partial block,RL-guided Hybrid A*,True,7.499999999999998,25,0.18706345558166504,0.18706345558166504
Tight corridor with partial block,RRT*,True,7.719259463254826,30,0.6236715316772461,0.6236715316772461
Open field,Hybrid A*,True,3.8402571574694098,379,2.3563427925109863,2.3563427925109863
Open field,RL-guided Hybrid A*,True,3.8402571574694098,261,2.2170724868774414,2.2180752754211426
Open field,RRT*,True,4.025579398190579,15,0.20333504676818848,0.20333504676818848
