scenario,planner,success,path_length,expansions_or_nodes,time,time_wall
Tight corridor with partial block,Hybrid A*,True,7.499999999999998,25,0.014136314392089844,0.014136314392089844
Tight corridor with partial block,DQN Hybrid A*,True,7.499999999999998,25,0.060738563537597656,0.060738563537597656
Tight corridor with partial block,RRT*,True,7.722247447362786,30,0.015426397323608398,0.015426397323608398
Open field,Hybrid A*,True,3.8402571574694098,379,0.16620349884033203,0.16620349884033203
Open field,DQN Hybrid A*,True,3.8402571574694098,261,0.2508981227874756,0.25173115730285645
Open field,RRT*,True,4.025579398190579,15,0.004248857498168945,0.004248857498168945
